{"cameraMode":{"drawMode":0,"name":"Shaded","section":"Shading Mode"},"sceneLighting":true,"audioPlay":false,"sceneViewState":{"showFog":false,"showMaterialUpdate":false,"showSkybox":false,"showFlares":false,"showImageEffects":false,"showParticleSystems":false},"in2DMode":false,"pivot":{"x":-7.144315719604492,"y":0.3410664498806,"z":-10.43155574798584},"rotation":{"x":-0.053990837186574939,"y":0.9451026320457459,"z":-0.24819225072860719,"w":-0.205594003200531},"size":11.729877471923829,"orthographic":false}