{"cameraMode":{"drawMode":0,"name":"Shaded","section":"Shading Mode"},"sceneLighting":true,"audioPlay":false,"sceneViewState":{"showFog":false,"showMaterialUpdate":false,"showSkybox":false,"showFlares":false,"showImageEffects":false,"showParticleSystems":false},"in2DMode":false,"pivot":{"x":-5.363641738891602,"y":-0.06118583679199219,"z":-10.995269775390625},"rotation":{"x":-0.053990837186574939,"y":0.9451026320457459,"z":-0.24819225072860719,"w":-0.205594003200531},"size":17.583980560302736,"orthographic":false}